,Time_Category,S1_Light,S2_Light,S4_Light,S1_Sound,S2_Sound,S3_Sound,S5_CO2,S6_PIR,S7_PIR
0,0,0.5351515151515152,0.1331782945736434,0.08581081081081081,0.06282722513089005,0.032352941176470584,0.3663911845730028,0.028324324324324312,0,1
